CREATE DATABASE  IF NOT EXISTS `timetracker` /*!40100 DEFAULT CHARACTER SET latin1 */;
USE `timetracker`;
-- MySQL dump 10.13  Distrib 5.5.16, for Win32 (x86)
--
-- Host: localhost    Database: timetracker
-- ------------------------------------------------------
-- Server version	5.1.49-3

/*!40101 SET @OLD_CHARACTER_SET_CLIENT=@@CHARACTER_SET_CLIENT */;
/*!40101 SET @OLD_CHARACTER_SET_RESULTS=@@CHARACTER_SET_RESULTS */;
/*!40101 SET @OLD_COLLATION_CONNECTION=@@COLLATION_CONNECTION */;
/*!40101 SET NAMES utf8 */;
/*!40103 SET @OLD_TIME_ZONE=@@TIME_ZONE */;
/*!40103 SET TIME_ZONE='+00:00' */;
/*!40014 SET @OLD_UNIQUE_CHECKS=@@UNIQUE_CHECKS, UNIQUE_CHECKS=0 */;
/*!40014 SET @OLD_FOREIGN_KEY_CHECKS=@@FOREIGN_KEY_CHECKS, FOREIGN_KEY_CHECKS=0 */;
/*!40101 SET @OLD_SQL_MODE=@@SQL_MODE, SQL_MODE='NO_AUTO_VALUE_ON_ZERO' */;
/*!40111 SET @OLD_SQL_NOTES=@@SQL_NOTES, SQL_NOTES=0 */;

--
-- Table structure for table `groups`
--

DROP TABLE IF EXISTS `groups`;
/*!40101 SET @saved_cs_client     = @@character_set_client */;
/*!40101 SET character_set_client = utf8 */;
CREATE TABLE `groups` (
  `id` int(11) NOT NULL AUTO_INCREMENT,
  `name` varchar(32) NOT NULL,
  `page` int(11) NOT NULL,
  PRIMARY KEY (`id`)
) ENGINE=MyISAM AUTO_INCREMENT=2 DEFAULT CHARSET=latin1;
/*!40101 SET character_set_client = @saved_cs_client */;

--
-- Dumping data for table `groups`
--

LOCK TABLES `groups` WRITE;
/*!40000 ALTER TABLE `groups` DISABLE KEYS */;
INSERT INTO `groups` VALUES (1,'Helpdesk',3);
/*!40000 ALTER TABLE `groups` ENABLE KEYS */;
UNLOCK TABLES;

--
-- Table structure for table `groupusers`
--

DROP TABLE IF EXISTS `groupusers`;
/*!40101 SET @saved_cs_client     = @@character_set_client */;
/*!40101 SET character_set_client = utf8 */;
CREATE TABLE `groupusers` (
  `id` int(11) NOT NULL AUTO_INCREMENT,
  `userid` int(11) NOT NULL,
  `groupid` int(11) NOT NULL,
  `privilege` tinyint(4) NOT NULL,
  PRIMARY KEY (`id`)
) ENGINE=MyISAM AUTO_INCREMENT=20 DEFAULT CHARSET=latin1;
/*!40101 SET character_set_client = @saved_cs_client */;

--
-- Dumping data for table `groupusers`
--

LOCK TABLES `groupusers` WRITE;
/*!40000 ALTER TABLE `groupusers` DISABLE KEYS */;
INSERT INTO `groupusers` VALUES (2,2,1,3),(3,4,1,0),(4,6,1,0),(5,7,1,0),(6,8,1,0),(7,3,1,0),(8,10,1,0),(9,11,1,0),(10,12,1,0),(11,13,1,0),(12,14,1,0),(13,15,1,0),(14,16,1,3),(15,17,1,3),(16,18,1,3),(17,19,1,1),(18,20,1,1),(19,21,1,1);
/*!40000 ALTER TABLE `groupusers` ENABLE KEYS */;
UNLOCK TABLES;

--
-- Table structure for table `pages`
--

DROP TABLE IF EXISTS `pages`;
/*!40101 SET @saved_cs_client     = @@character_set_client */;
/*!40101 SET character_set_client = utf8 */;
CREATE TABLE `pages` (
  `id` int(11) NOT NULL AUTO_INCREMENT,
  `page` varchar(32) NOT NULL,
  `data` text NOT NULL,
  PRIMARY KEY (`id`)
) ENGINE=MyISAM AUTO_INCREMENT=4 DEFAULT CHARSET=latin1;
/*!40101 SET character_set_client = @saved_cs_client */;

--
-- Dumping data for table `pages`
--

LOCK TABLES `pages` WRITE;
/*!40000 ALTER TABLE `pages` DISABLE KEYS */;
INSERT INTO `pages` VALUES (1,'home','%3Cdiv+style%3D%27text-align%3Acenter%3B%27%3E%0A%3Ch3%3EWelcome%3C%2Fh3%3E%0A%3Cp%3EPlease+sign+in.%3C%2Fp%3E%0A%3C%2Fdiv%3E'),(3,'group','%3Cdiv+style%3D%27text-align%3Acenter%3B%27%3E%0D%0A%3Ch3%3EGROUP+Helpdesk%21%3C%2Fh3%3E%0D%0A%3Ch4%3EAnnouncements%3A+%3C%2Fh4%3E%0D%0A%3Cp%3EMeeting+this+week%3C%2Fp%3E%0D%0A%3Ch4%3ELinks%3A%3C%2Fh4%3E%0D%0A%3Cp%3EView+Schedule+at+%3Ca+href%3D%27http%3A%2F%2Fafsws.rpi.edu%2FAFS%2Fdept%2Facs%2Fconsult%2FSchedule.html%27%3Ehttp%3A%2F%2Fafsws.rpi.edu%2FAFS%2Fdept%2Facs%2Fconsult%2FSchedule.html%3C%2Fa%3E%3C%2Fp%3E%0D%0A%3Cp%3EWiki+%3Ca+href%3D%27http%3A%2F%2Fleet.arc.rpi.edu%2Fwiki%27%3Ehttp%3A%2F%2Fleet.arc.rpi.edu%2Fwiki%3C%2Fa%3E%3C%2Fp%3E%0D%0A%3Cp%3EQuickLogs+%3Ca+href%3D%27http%3A%2F%2Fleet.arc.rpi.edu%2Fquicklogs%27%3Ehttp%3A%2F%2Fleet.arc.rpi.edu%2Fquicklogs%3C%2Fa%3E%3C%2Fp%3E%0D%0A%3Cp%3ETickets+%3Ca+href%3D%27http%3A%2F%2Fj2ee7.server.rpi.edu%3A8080%2Fhelpdesk%2Fstylesheets%2Fwelcome.faces%27%3Ehttp%3A%2F%2Fj2ee7.server.rpi.edu%3A8080%2Fhelpdesk%2Fstylesheets%2Fwelcome.faces%3C%2Fa%3E%3C%2Fp%3E%0D%0A%3Cp%3EFacebook+Group+%3Ca+href%3D%27https%3A%2F%2Fwww.facebook.com%2Fgroups%2F277701498964844%2F%27%3Ehttps%3A%2F%2Fwww.facebook.com%2Fgroups%2F277701498964844%2F%3C%2Fa%3E%3C%2Fp%3E%0D%0A%3C%2Fdiv%3E'),(2,'homeAuth','%3Cdiv+style%3D%27text-align%3Acenter%3B%27%3E%0D%0A%3Ch3%3EWelcome%3C%2Fh3%3E%0D%0A%3Cp%3ESelect+a+group+at+the+bottom+right+of+the+page%3C%2Fp%3E%0D%0A%3Cp%3EIf+there+is+a+group+missing+for+you%2C+contact+the+groups+administrator+to+be+added%3C%2Fp%3E%0D%0A%3C%2Fdiv%3E');
/*!40000 ALTER TABLE `pages` ENABLE KEYS */;
UNLOCK TABLES;

--
-- Table structure for table `templates`
--

DROP TABLE IF EXISTS `templates`;
/*!40101 SET @saved_cs_client     = @@character_set_client */;
/*!40101 SET character_set_client = utf8 */;
CREATE TABLE `templates` (
  `id` int(11) NOT NULL AUTO_INCREMENT,
  `data` text NOT NULL,
  `name` varchar(32) NOT NULL,
  `owner` int(11) NOT NULL,
  `status` tinyint(4) NOT NULL,
  PRIMARY KEY (`id`)
) ENGINE=MyISAM AUTO_INCREMENT=6 DEFAULT CHARSET=latin1;
/*!40101 SET character_set_client = @saved_cs_client */;

--
-- Dumping data for table `templates`
--

LOCK TABLES `templates` WRITE;
/*!40000 ALTER TABLE `templates` DISABLE KEYS */;
INSERT INTO `templates` VALUES (1,'1231231231231323161346','Windows 2008',2,1),(2,'5_12_0,4_1_2,4_2_2,4_4_0,4_5_0,3_14_2,3_13_0,4_4_2,11_0_2,11_1_2,3_1_2,','Dan',2,1),(3,'11_12_2,11_1_2,1_12_0,1_12_2,1_13_2,1_13_0,1_14_0,1_14_2,1_15_2,1_15_0,','Monday',2,1),(4,'11_12_2,11_1_2,2_12_0,2_12_2,2_13_2,2_13_0,2_14_0,2_14_2,2_15_2,2_15_0,','Tuesday',2,1),(5,'3_7_2,3_9_2,3_10_2,3_8_2,3_5_2,3_6_2,3_5_0,3_6_0,3_7_0,3_8_0,3_9_0,3_10_0,','Dan',21,1);
/*!40000 ALTER TABLE `templates` ENABLE KEYS */;
UNLOCK TABLES;

--
-- Table structure for table `timedata`
--

DROP TABLE IF EXISTS `timedata`;
/*!40101 SET @saved_cs_client     = @@character_set_client */;
/*!40101 SET character_set_client = utf8 */;
CREATE TABLE `timedata` (
  `id` int(11) NOT NULL AUTO_INCREMENT,
  `user` int(11) NOT NULL,
  `startTime` datetime NOT NULL,
  `stopTime` datetime NOT NULL,
  `group` int(11) NOT NULL,
  `submitted` datetime NOT NULL,
  `status` tinyint(4) NOT NULL,
  PRIMARY KEY (`id`)
) ENGINE=MyISAM AUTO_INCREMENT=111 DEFAULT CHARSET=latin1;
/*!40101 SET character_set_client = @saved_cs_client */;

--
-- Dumping data for table `timedata`
--

LOCK TABLES `timedata` WRITE;
/*!40000 ALTER TABLE `timedata` DISABLE KEYS */;
INSERT INTO `timedata` VALUES (1,2,'2013-01-06 00:00:00','2013-01-06 00:29:00',0,'2013-01-15 04:10:03',1),(2,2,'2013-01-06 01:00:00','2013-01-06 01:29:00',0,'2013-01-15 00:59:53',0),(3,2,'2013-01-06 02:00:00','2013-01-06 02:29:00',0,'2013-01-15 00:59:52',0),(4,2,'2013-01-06 03:00:00','2013-01-06 03:29:00',0,'2013-01-15 00:58:04',0),(5,2,'2013-01-06 01:30:00','2013-01-06 01:59:00',0,'2013-01-15 00:59:50',0),(6,2,'2013-01-06 03:30:00','2013-01-06 03:59:00',0,'2013-01-15 00:58:07',1),(7,2,'2013-01-06 04:00:00','2013-01-06 04:29:00',0,'2013-01-15 00:58:08',1),(8,2,'2013-01-06 05:30:00','2013-01-06 05:59:00',0,'2013-01-15 00:58:08',1),(9,2,'2013-01-05 05:00:00','2013-01-05 05:29:00',0,'2013-01-15 00:58:09',1),(10,2,'2013-01-05 04:30:00','2013-01-05 04:59:00',0,'2013-01-15 00:58:10',1),(11,2,'2013-01-05 03:30:00','2013-01-05 03:59:00',0,'2013-01-15 00:58:10',1),(12,2,'2013-01-05 02:30:00','2013-01-05 02:59:00',0,'2013-01-15 00:58:11',1),(13,2,'2013-01-05 01:30:00','2013-01-05 01:59:00',0,'2013-01-15 00:58:18',0),(14,2,'2013-01-16 00:30:00','2013-01-16 00:59:00',0,'2013-01-15 01:09:52',1),(15,2,'2013-01-06 06:30:00','2013-01-06 06:59:00',0,'2013-01-15 02:25:53',1),(16,2,'2013-01-06 07:30:00','2013-01-06 07:59:00',0,'2013-01-15 02:25:54',1),(17,2,'2013-01-06 08:30:00','2013-01-06 08:59:00',0,'2013-01-15 02:25:54',1),(18,2,'2013-01-06 09:30:00','2013-01-06 09:59:00',0,'2013-01-15 02:25:55',1),(19,2,'2012-12-23 00:00:00','2012-12-23 00:29:00',0,'2013-01-15 02:28:26',1),(20,2,'2012-12-23 00:30:00','2012-12-23 00:59:00',0,'2013-01-15 02:28:26',1),(21,4,'2013-01-09 02:30:00','2013-01-09 02:59:00',0,'2013-01-15 02:40:59',1),(22,4,'2013-01-09 03:30:00','2013-01-09 03:59:00',0,'2013-01-15 02:40:59',1),(23,2,'2013-01-06 00:30:00','2013-01-06 00:59:00',0,'2013-01-15 04:10:04',1),(24,2,'2013-01-05 02:00:00','2013-01-05 02:29:00',0,'2013-01-15 04:10:11',1),(25,2,'2013-01-05 03:00:00','2013-01-05 03:29:00',0,'2013-01-15 04:10:11',1),(26,19,'2013-01-17 12:00:00','2013-01-17 12:29:00',0,'2013-01-25 16:51:37',1),(27,19,'2013-01-17 11:30:00','2013-01-17 11:59:00',0,'2013-01-25 16:50:24',0),(28,19,'2013-01-17 10:30:00','2013-01-17 10:59:00',0,'2013-01-25 16:51:36',1),(29,19,'2013-01-17 08:30:00','2013-01-17 08:59:00',0,'2013-01-25 16:51:30',1),(30,19,'2013-01-17 07:00:00','2013-01-17 07:29:00',0,'2013-01-25 16:50:12',1),(31,19,'2013-01-17 06:30:00','2013-01-17 06:59:00',0,'2013-01-25 16:50:12',1),(32,19,'2013-01-17 05:00:00','2013-01-17 05:29:00',0,'2013-01-25 16:50:12',1),(33,19,'2013-01-17 04:30:00','2013-01-17 04:59:00',0,'2013-01-25 16:50:13',1),(34,19,'2013-01-17 02:30:00','2013-01-17 02:59:00',0,'2013-01-25 16:50:14',1),(35,19,'2013-01-17 02:00:00','2013-01-17 02:29:00',0,'2013-01-25 16:50:15',1),(36,19,'2013-01-17 03:00:00','2013-01-17 03:29:00',0,'2013-01-25 16:50:15',1),(37,19,'2013-01-17 04:00:00','2013-01-17 04:29:00',0,'2013-01-25 16:50:16',1),(38,19,'2013-01-17 06:00:00','2013-01-17 06:29:00',0,'2013-01-25 16:50:16',1),(39,19,'2013-01-17 08:00:00','2013-01-17 08:29:00',0,'2013-01-25 16:51:33',1),(40,19,'2013-01-17 09:00:00','2013-01-17 09:29:00',0,'2013-01-25 16:51:35',1),(41,19,'2013-01-17 00:00:00','2013-01-17 00:29:00',0,'2013-01-25 16:50:19',1),(42,19,'2013-01-17 00:30:00','2013-01-17 00:59:00',0,'2013-01-25 16:50:19',1),(43,19,'2013-01-17 01:30:00','2013-01-17 01:59:00',0,'2013-01-25 16:50:20',1),(44,19,'2013-01-17 01:00:00','2013-01-17 01:29:00',0,'2013-01-25 16:50:20',1),(45,19,'2013-01-17 05:30:00','2013-01-17 05:59:00',0,'2013-01-25 16:50:33',1),(46,19,'2013-01-17 03:30:00','2013-01-17 03:59:00',0,'2013-01-25 16:50:33',1),(47,19,'2013-01-17 07:30:00','2013-01-17 07:59:00',0,'2013-01-25 16:50:35',1),(48,19,'2013-01-17 09:30:00','2013-01-17 09:59:00',0,'2013-01-25 16:51:35',1),(49,19,'2013-01-17 10:00:00','2013-01-17 10:29:00',0,'2013-01-25 16:51:36',1),(50,19,'2013-01-17 12:30:00','2013-01-17 12:59:00',0,'2013-01-25 16:51:38',1),(51,19,'2013-01-17 13:30:00','2013-01-17 00:00:00',0,'2013-01-25 16:51:39',1),(52,19,'2013-01-17 14:00:00','2013-01-17 00:00:00',0,'2013-01-25 16:51:39',1),(53,19,'2013-01-17 16:00:00','2013-01-17 00:00:00',0,'2013-01-25 16:51:39',1),(54,19,'2013-01-17 19:30:00','2013-01-17 00:00:00',0,'2013-01-25 16:51:40',1),(55,19,'2013-01-17 20:00:00','2013-01-17 00:00:00',0,'2013-01-25 16:51:40',1),(56,19,'2013-01-17 21:00:00','2013-01-17 00:00:00',0,'2013-01-25 16:51:40',1),(57,2,'2013-02-03 05:00:00','2013-02-03 05:29:00',0,'2013-02-13 13:41:20',1),(58,2,'2013-02-03 05:30:00','2013-02-03 05:59:00',0,'2013-02-13 13:41:20',1),(59,2,'2013-02-03 06:00:00','2013-02-03 06:29:00',0,'2013-02-13 13:41:21',1),(60,2,'2013-02-03 06:30:00','2013-02-03 06:59:00',0,'2013-02-13 13:41:21',1),(61,2,'2013-02-03 07:00:00','2013-02-03 07:29:00',0,'2013-02-13 13:41:22',1),(62,2,'2013-02-03 07:30:00','2013-02-03 07:59:00',0,'2013-02-13 13:41:22',1),(63,2,'2013-02-24 00:00:00','2013-02-24 00:29:00',0,'2013-02-14 22:51:52',0),(64,2,'2013-02-24 00:30:00','2013-02-24 00:59:00',0,'2013-02-14 22:51:52',0),(65,21,'2013-02-16 00:00:00','2013-02-16 00:29:00',0,'2013-02-14 22:59:07',0),(66,21,'2013-02-15 02:30:00','2013-02-15 02:59:00',0,'2013-02-14 22:59:44',0),(67,21,'2013-02-16 07:30:00','2013-02-16 07:59:00',0,'2013-02-14 23:00:02',1),(68,21,'2013-02-16 11:30:00','2013-02-16 11:59:00',0,'2013-02-14 23:00:05',0),(69,21,'2013-02-16 09:30:00','2013-02-16 09:59:00',0,'2013-02-14 23:00:29',1),(70,21,'2013-02-16 10:30:00','2013-02-16 10:59:00',0,'2013-02-14 23:00:06',1),(71,21,'2013-02-16 08:30:00','2013-02-16 08:59:00',0,'2013-02-14 23:00:06',1),(72,21,'2013-02-16 05:30:00','2013-02-16 05:59:00',0,'2013-02-14 23:00:28',1),(73,21,'2013-02-16 06:30:00','2013-02-16 06:59:00',0,'2013-02-14 23:00:28',1),(74,21,'2013-02-16 05:00:00','2013-02-16 05:29:00',0,'2013-02-14 23:00:30',1),(75,21,'2013-02-16 06:00:00','2013-02-16 06:29:00',0,'2013-02-14 23:00:31',1),(76,21,'2013-02-16 07:00:00','2013-02-16 07:29:00',0,'2013-02-14 23:00:31',1),(77,21,'2013-02-16 08:00:00','2013-02-16 08:29:00',0,'2013-02-14 23:00:32',1),(78,21,'2013-02-16 09:00:00','2013-02-16 09:29:00',0,'2013-02-14 23:00:32',1),(79,21,'2013-02-16 10:00:00','2013-02-16 10:29:00',0,'2013-02-14 23:00:33',1),(80,21,'2013-03-02 07:30:00','2013-03-02 07:59:00',0,'2013-02-14 23:00:44',1),(81,21,'2013-03-02 09:30:00','2013-03-02 09:59:00',0,'2013-02-14 23:00:44',1),(82,21,'2013-03-02 10:30:00','2013-03-02 10:59:00',0,'2013-02-14 23:00:44',1),(83,21,'2013-03-02 08:30:00','2013-03-02 08:59:00',0,'2013-02-14 23:00:44',1),(84,21,'2013-03-02 05:30:00','2013-03-02 05:59:00',0,'2013-02-14 23:00:44',1),(85,21,'2013-03-02 06:30:00','2013-03-02 06:59:00',0,'2013-02-14 23:00:44',1),(86,21,'2013-03-02 05:00:00','2013-03-02 05:29:00',0,'2013-02-14 23:00:44',1),(87,21,'2013-03-02 06:00:00','2013-03-02 06:29:00',0,'2013-02-14 23:00:44',1),(88,21,'2013-03-02 07:00:00','2013-03-02 07:29:00',0,'2013-02-14 23:00:44',1),(89,21,'2013-03-02 08:00:00','2013-03-02 08:29:00',0,'2013-02-14 23:00:44',1),(90,21,'2013-03-02 09:00:00','2013-03-02 09:29:00',0,'2013-02-14 23:00:44',1),(91,21,'2013-03-02 10:00:00','2013-03-02 10:29:00',0,'2013-02-14 23:00:44',1),(92,21,'2013-02-27 00:00:00','2013-02-27 00:29:00',0,'2013-02-14 23:00:44',1),(93,21,'2012-12-05 13:00:00','2012-12-05 00:00:00',0,'2013-02-14 23:00:57',1),(94,2,'2013-02-24 12:30:00','2013-02-24 12:59:00',0,'2013-02-15 00:50:17',1),(95,2,'2013-02-24 01:30:00','2013-02-24 01:59:00',0,'2013-02-15 00:50:17',1),(96,2,'2013-02-14 12:00:00','2013-02-14 12:29:00',0,'2013-02-15 00:50:17',1),(97,2,'2013-02-14 12:30:00','2013-02-14 12:59:00',0,'2013-02-15 00:50:17',1),(98,2,'2013-02-14 13:30:00','2013-02-14 13:59:00',0,'2013-02-15 00:50:17',1),(99,2,'2013-02-14 13:00:00','2013-02-14 13:29:00',0,'2013-02-15 00:50:17',1),(100,2,'2013-02-14 14:00:00','2013-02-14 14:29:00',0,'2013-02-15 00:50:17',1),(101,2,'2013-02-14 14:30:00','2013-02-14 14:59:00',0,'2013-02-15 00:50:17',1),(102,2,'2013-02-14 15:30:00','2013-02-14 15:59:00',0,'2013-02-15 00:50:17',1),(103,2,'2013-02-14 15:00:00','2013-02-14 15:29:00',0,'2013-02-15 00:50:17',1),(104,2,'2013-02-13 00:00:00','2013-02-13 00:29:00',0,'2013-02-15 00:50:17',1),(105,2,'2013-02-16 07:30:00','2013-02-16 07:59:00',0,'2013-02-19 12:48:49',1),(106,2,'2013-02-16 07:00:00','2013-02-16 07:29:00',0,'2013-02-19 12:48:50',1),(107,2,'2013-02-16 13:00:00','2013-02-16 00:00:00',0,'2013-02-19 12:50:35',1),(108,2,'2013-02-16 12:30:00','2013-02-16 12:59:00',1,'2013-02-19 12:50:36',1),(109,2,'2013-02-17 07:00:00','2013-02-17 07:29:00',0,'2013-02-19 14:06:38',1),(110,2,'2013-02-17 07:00:00','2013-02-17 07:29:00',1,'2013-02-19 14:11:52',1);
/*!40000 ALTER TABLE `timedata` ENABLE KEYS */;
UNLOCK TABLES;

--
-- Table structure for table `users`
--

DROP TABLE IF EXISTS `users`;
/*!40101 SET @saved_cs_client     = @@character_set_client */;
/*!40101 SET character_set_client = utf8 */;
CREATE TABLE `users` (
  `id` int(11) NOT NULL AUTO_INCREMENT,
  `username` varchar(12) NOT NULL,
  `privilege` tinyint(4) NOT NULL,
  `defaultgroup` int(11) NOT NULL,
  PRIMARY KEY (`id`)
) ENGINE=MyISAM AUTO_INCREMENT=22 DEFAULT CHARSET=latin1;
/*!40101 SET character_set_client = @saved_cs_client */;

--
-- Dumping data for table `users`
--

LOCK TABLES `users` WRITE;
/*!40000 ALTER TABLE `users` DISABLE KEYS */;
INSERT INTO `users` VALUES (10,'oatman',1,0),(2,'berkod2',2,0),(16,'sheaj',2,0),(4,'ungk2',1,0),(6,'brookj7',1,0),(7,'pateln8',1,0),(8,'daniej3',1,0),(9,'heimj',1,0),(17,'rigby',2,0),(18,'valiqp',2,0),(19,'yanule',1,0),(20,'timakn',1,0),(21,'rossd2',1,0);
/*!40000 ALTER TABLE `users` ENABLE KEYS */;
UNLOCK TABLES;
/*!40103 SET TIME_ZONE=@OLD_TIME_ZONE */;

/*!40101 SET SQL_MODE=@OLD_SQL_MODE */;
/*!40014 SET FOREIGN_KEY_CHECKS=@OLD_FOREIGN_KEY_CHECKS */;
/*!40014 SET UNIQUE_CHECKS=@OLD_UNIQUE_CHECKS */;
/*!40101 SET CHARACTER_SET_CLIENT=@OLD_CHARACTER_SET_CLIENT */;
/*!40101 SET CHARACTER_SET_RESULTS=@OLD_CHARACTER_SET_RESULTS */;
/*!40101 SET COLLATION_CONNECTION=@OLD_COLLATION_CONNECTION */;
/*!40111 SET SQL_NOTES=@OLD_SQL_NOTES */;

-- Dump completed on 2013-02-19 14:13:18
